filename,object_location,image_small,image_thumb
210a.jpg,/objects/210a.jpg,/objects/small/210a_sm.jpg,/objects/thumbs/210a_th.jpg
210b.jpg,/objects/210b.jpg,/objects/small/210b_sm.jpg,/objects/thumbs/210b_th.jpg
SNS_1938_Strings_PR.pdf,/objects/SNS_1938_Strings_PR.pdf,/objects/small/sns_1938_strings_pr_sm.jpg,/objects/thumbs/sns_1938_strings_pr_th.jpg
SNS_1939_Take_PR.pdf,/objects/SNS_1939_Take_PR.pdf,/objects/small/sns_1939_take_pr_sm.jpg,/objects/thumbs/sns_1939_take_pr_th.jpg
SNS_1940_House_PR.pdf,/objects/SNS_1940_House_PR.pdf,/objects/small/sns_1940_house_pr_sm.jpg,/objects/thumbs/sns_1940_house_pr_th.jpg
SNS_1941_Heres_PR.pdf,/objects/SNS_1941_Heres_PR.pdf,/objects/small/sns_1941_heres_pr_sm.jpg,/objects/thumbs/sns_1941_heres_pr_th.jpg
SNS_1942_Laffin_PR.pdf,/objects/SNS_1942_Laffin_PR.pdf,/objects/small/sns_1942_laffin_pr_sm.jpg,/objects/thumbs/sns_1942_laffin_pr_th.jpg
SNS_1947_Rock_PR.pdf,/objects/SNS_1947_Rock_PR.pdf,/objects/small/sns_1947_rock_pr_sm.jpg,/objects/thumbs/sns_1947_rock_pr_th.jpg
SNS_1948_Ladys_HB.pdf,/objects/SNS_1948_Ladys_HB.pdf,/objects/small/sns_1948_ladys_hb_sm.jpg,/objects/thumbs/sns_1948_ladys_hb_th.jpg
SNS_1948_Ladys_PR.pdf,/objects/SNS_1948_Ladys_PR.pdf,/objects/small/sns_1948_ladys_pr_sm.jpg,/objects/thumbs/sns_1948_ladys_pr_th.jpg
SNS_1949_Molecule_CL.pdf,/objects/SNS_1949_Molecule_CL.pdf,/objects/small/sns_1949_molecule_cl_sm.jpg,/objects/thumbs/sns_1949_molecule_cl_th.jpg
SNS_1949_Molecule_HB.pdf,/objects/SNS_1949_Molecule_HB.pdf,/objects/small/sns_1949_molecule_hb_sm.jpg,/objects/thumbs/sns_1949_molecule_hb_th.jpg
SNS_1949_Molecule_MB.pdf,/objects/SNS_1949_Molecule_MB.pdf,/objects/small/sns_1949_molecule_mb_sm.jpg,/objects/thumbs/sns_1949_molecule_mb_th.jpg
SNS_1949_Molecule_PR.pdf,/objects/SNS_1949_Molecule_PR.pdf,/objects/small/sns_1949_molecule_pr_sm.jpg,/objects/thumbs/sns_1949_molecule_pr_th.jpg
SNS_1950_Much_PR.pdf,/objects/SNS_1950_Much_PR.pdf,/objects/small/sns_1950_much_pr_sm.jpg,/objects/thumbs/sns_1950_much_pr_th.jpg
SNS_1951_Merry_Closed_PR.pdf,/objects/SNS_1951_Merry_Closed_PR.pdf,/objects/small/sns_1951_merry_closed_pr_sm.jpg,/objects/thumbs/sns_1951_merry_closed_pr_th.jpg
SNS_1951_Merry_Open_Back_PR.pdf,/objects/SNS_1951_Merry_Open_Back_PR.pdf,/objects/small/sns_1951_merry_open_back_pr_sm.jpg,/objects/thumbs/sns_1951_merry_open_back_pr_th.jpg
SNS_1951_Merry_Open_Front_PR.pdf,/objects/SNS_1951_Merry_Open_Front_PR.pdf,/objects/small/sns_1951_merry_open_front_pr_sm.jpg,/objects/thumbs/sns_1951_merry_open_front_pr_th.jpg
SNS_1951_Merry_PR.pdf,/objects/SNS_1951_Merry_PR.pdf,/objects/small/sns_1951_merry_pr_sm.jpg,/objects/thumbs/sns_1951_merry_pr_th.jpg
SNS_1952_Heavens_PR.pdf,/objects/SNS_1952_Heavens_PR.pdf,/objects/small/sns_1952_heavens_pr_sm.jpg,/objects/thumbs/sns_1952_heavens_pr_th.jpg
SNS_1953_Shoot_PR.pdf,/objects/SNS_1953_Shoot_PR.pdf,/objects/small/sns_1953_shoot_pr_sm.jpg,/objects/thumbs/sns_1953_shoot_pr_th.jpg
SNS_1954_Million_PR.pdf,/objects/SNS_1954_Million_PR.pdf,/objects/small/sns_1954_million_pr_sm.jpg,/objects/thumbs/sns_1954_million_pr_th.jpg
SNS_1955_Adults_PR.pdf,/objects/SNS_1955_Adults_PR.pdf,/objects/small/sns_1955_adults_pr_sm.jpg,/objects/thumbs/sns_1955_adults_pr_th.jpg
SNS_1956_Heels_PR.pdf,/objects/SNS_1956_Heels_PR.pdf,/objects/small/sns_1956_heels_pr_sm.jpg,/objects/thumbs/sns_1956_heels_pr_th.jpg
SNS_1957_Where_PR.pdf,/objects/SNS_1957_Where_PR.pdf,/objects/small/sns_1957_where_pr_sm.jpg,/objects/thumbs/sns_1957_where_pr_th.jpg
SNS_1958_Harmony_NC.pdf,/objects/SNS_1958_Harmony_NC.pdf,/objects/small/sns_1958_harmony_nc_sm.jpg,/objects/thumbs/sns_1958_harmony_nc_th.jpg
SNS_1958_Harmony_PR.pdf,/objects/SNS_1958_Harmony_PR.pdf,/objects/small/sns_1958_harmony_pr_sm.jpg,/objects/thumbs/sns_1958_harmony_pr_th.jpg
SNS_1959_Set_PR.pdf,/objects/SNS_1959_Set_PR.pdf,/objects/small/sns_1959_set_pr_sm.jpg,/objects/thumbs/sns_1959_set_pr_th.jpg
SNS_1959_Set_TX.pdf,/objects/SNS_1959_Set_TX.pdf,/objects/small/sns_1959_set_tx_sm.jpg,/objects/thumbs/sns_1959_set_tx_th.jpg
SNS_1960_Rocks_HB.pdf,/objects/SNS_1960_Rocks_HB.pdf,/objects/small/sns_1960_rocks_hb_sm.jpg,/objects/thumbs/sns_1960_rocks_hb_th.jpg
SNS_1961_Animation_PR.pdf,/objects/SNS_1961_Animation_PR.pdf,/objects/small/sns_1961_animation_pr_sm.jpg,/objects/thumbs/sns_1961_animation_pr_th.jpg
SNS_1962_Viv_PR.pdf,/objects/SNS_1962_Viv_PR.pdf,/objects/small/sns_1962_viv_pr_sm.jpg,/objects/thumbs/sns_1962_viv_pr_th.jpg
SNS_1963_Miss_PR.pdf,/objects/SNS_1963_Miss_PR.pdf,/objects/small/sns_1963_miss_pr_sm.jpg,/objects/thumbs/sns_1963_miss_pr_th.jpg
SNS_1964_Evnod_PR.pdf,/objects/SNS_1964_Evnod_PR.pdf,/objects/small/sns_1964_evnod_pr_sm.jpg,/objects/thumbs/sns_1964_evnod_pr_th.jpg
SNS_1965_Whatserface_LP.pdf,/objects/SNS_1965_Whatserface_LP.pdf,/objects/small/sns_1965_whatserface_lp_sm.jpg,/objects/thumbs/sns_1965_whatserface_lp_th.jpg
SNS_1965_Whatserface_PO_0001.pdf,/objects/SNS_1965_Whatserface_PO_0001.pdf,/objects/small/sns_1965_whatserface_po_0001_sm.jpg,/objects/thumbs/sns_1965_whatserface_po_0001_th.jpg
SNS_1965_Whatserface_PO_0002.pdf,/objects/SNS_1965_Whatserface_PO_0002.pdf,/objects/small/sns_1965_whatserface_po_0002_sm.jpg,/objects/thumbs/sns_1965_whatserface_po_0002_th.jpg
SNS_1965_Whatserface_PO_0003.pdf,/objects/SNS_1965_Whatserface_PO_0003.pdf,/objects/small/sns_1965_whatserface_po_0003_sm.jpg,/objects/thumbs/sns_1965_whatserface_po_0003_th.jpg
SNS_1965_Whatserface_PO_0004.pdf,/objects/SNS_1965_Whatserface_PO_0004.pdf,/objects/small/sns_1965_whatserface_po_0004_sm.jpg,/objects/thumbs/sns_1965_whatserface_po_0004_th.jpg
SNS_1965_Whatserface_PO_0005.pdf,/objects/SNS_1965_Whatserface_PO_0005.pdf,/objects/small/sns_1965_whatserface_po_0005_sm.jpg,/objects/thumbs/sns_1965_whatserface_po_0005_th.jpg
SNS_1965_Whatserface_PO_0006.pdf,/objects/SNS_1965_Whatserface_PO_0006.pdf,/objects/small/sns_1965_whatserface_po_0006_sm.jpg,/objects/thumbs/sns_1965_whatserface_po_0006_th.jpg
SNS_1965_Whatserface_PR.pdf,/objects/SNS_1965_Whatserface_PR.pdf,/objects/small/sns_1965_whatserface_pr_sm.jpg,/objects/thumbs/sns_1965_whatserface_pr_th.jpg
SNS_1965_Whatserface_RL.pdf,/objects/SNS_1965_Whatserface_RL.pdf,/objects/small/sns_1965_whatserface_rl_sm.jpg,/objects/thumbs/sns_1965_whatserface_rl_th.jpg
SNS_1966_Nouveau_PR.pdf,/objects/SNS_1966_Nouveau_PR.pdf,/objects/small/sns_1966_nouveau_pr_sm.jpg,/objects/thumbs/sns_1966_nouveau_pr_th.jpg
SNS_1967_Pippin_PR.pdf,/objects/SNS_1967_Pippin_PR.pdf,/objects/small/sns_1967_pippin_pr_sm.jpg,/objects/thumbs/sns_1967_pippin_pr_th.jpg
SNS_1968_Twice_PR.pdf,/objects/SNS_1968_Twice_PR.pdf,/objects/small/sns_1968_twice_pr_sm.jpg,/objects/thumbs/sns_1968_twice_pr_th.jpg
SNS_1969_Madame_PR.pdf,/objects/SNS_1969_Madame_PR.pdf,/objects/small/sns_1969_madame_pr_sm.jpg,/objects/thumbs/sns_1969_madame_pr_th.jpg
SNS_1970_Personal_PR.pdf,/objects/SNS_1970_Personal_PR.pdf,/objects/small/sns_1970_personal_pr_sm.jpg,/objects/thumbs/sns_1970_personal_pr_th.jpg
SNS_1970_Personal_SM.pdf,/objects/SNS_1970_Personal_SM.pdf,/objects/small/sns_1970_personal_sm_sm.jpg,/objects/thumbs/sns_1970_personal_sm_th.jpg
SNS_1970_Personal_TX.pdf,/objects/SNS_1970_Personal_TX.pdf,/objects/small/sns_1970_personal_tx_sm.jpg,/objects/thumbs/sns_1970_personal_tx_th.jpg
SNS_1971_Festival_PR.pdf,/objects/SNS_1971_Festival_PR.pdf,/objects/small/sns_1971_festival_pr_sm.jpg,/objects/thumbs/sns_1971_festival_pr_th.jpg
SNS_1972_Day_PR.pdf,/objects/SNS_1972_Day_PR.pdf,/objects/small/sns_1972_day_pr_sm.jpg,/objects/thumbs/sns_1972_day_pr_th.jpg
SNS_1972_Lord_PR.pdf,/objects/SNS_1972_Lord_PR.pdf,/objects/small/sns_1972_lord_pr_sm.jpg,/objects/thumbs/sns_1972_lord_pr_th.jpg
SNS_1973_Woodwind_PR.pdf,/objects/SNS_1973_Woodwind_PR.pdf,/objects/small/sns_1973_woodwind_pr_sm.jpg,/objects/thumbs/sns_1973_woodwind_pr_th.jpg
SNS_1974_Valley_PR.pdf,/objects/SNS_1974_Valley_PR.pdf,/objects/small/sns_1974_valley_pr_sm.jpg,/objects/thumbs/sns_1974_valley_pr_th.jpg
SNS_1975_Amphitryon_PR.pdf,/objects/SNS_1975_Amphitryon_PR.pdf,/objects/small/sns_1975_amphitryon_pr_sm.jpg,/objects/thumbs/sns_1975_amphitryon_pr_th.jpg
SNS_1976_Glitz_PO.pdf,/objects/SNS_1976_Glitz_PO.pdf,/objects/small/sns_1976_glitz_po_sm.jpg,/objects/thumbs/sns_1976_glitz_po_th.jpg
SNS_1976_Glitz_PR.pdf,/objects/SNS_1976_Glitz_PR.pdf,/objects/small/sns_1976_glitz_pr_sm.jpg,/objects/thumbs/sns_1976_glitz_pr_th.jpg
SNS_1977_Feudal_PR.pdf,/objects/SNS_1977_Feudal_PR.pdf,/objects/small/sns_1977_feudal_pr_sm.jpg,/objects/thumbs/sns_1977_feudal_pr_th.jpg
SNS_1979_Watercolors_HB.pdf,/objects/SNS_1979_Watercolors_HB.pdf,/objects/small/sns_1979_watercolors_hb_sm.jpg,/objects/thumbs/sns_1979_watercolors_hb_th.jpg
SNS_1979_Watercolors_PR.pdf,/objects/SNS_1979_Watercolors_PR.pdf,/objects/small/sns_1979_watercolors_pr_sm.jpg,/objects/thumbs/sns_1979_watercolors_pr_th.jpg
SNS_1980_Kije_PO.pdf,/objects/SNS_1980_Kije_PO.pdf,/objects/small/sns_1980_kije_po_sm.jpg,/objects/thumbs/sns_1980_kije_po_th.jpg
SNS_1980_Kije_PR.pdf,/objects/SNS_1980_Kije_PR.pdf,/objects/small/sns_1980_kije_pr_sm.jpg,/objects/thumbs/sns_1980_kije_pr_th.jpg
SNS_1981_Protege_PR.pdf,/objects/SNS_1981_Protege_PR.pdf,/objects/small/sns_1981_protege_pr_sm.jpg,/objects/thumbs/sns_1981_protege_pr_th.jpg
SNS_1981_Whos_PO_0001.pdf,/objects/SNS_1981_Whos_PO_0001.pdf,/objects/small/sns_1981_whos_po_0001_sm.jpg,/objects/thumbs/sns_1981_whos_po_0001_th.jpg
SNS_1981_Whos_PR.pdf,/objects/SNS_1981_Whos_PR.pdf,/objects/small/sns_1981_whos_pr_sm.jpg,/objects/thumbs/sns_1981_whos_pr_th.jpg
SNS_1982_Fantasticks_PO.pdf,/objects/SNS_1982_Fantasticks_PO.pdf,/objects/small/sns_1982_fantasticks_po_sm.jpg,/objects/thumbs/sns_1982_fantasticks_po_th.jpg
SNS_1982_Queen_PR_0001.pdf,/objects/SNS_1982_Queen_PR_0001.pdf,/objects/small/sns_1982_queen_pr_0001_sm.jpg,/objects/thumbs/sns_1982_queen_pr_0001_th.jpg
SNS_1983_Carried_PO.pdf,/objects/SNS_1983_Carried_PO.pdf,/objects/small/sns_1983_carried_po_sm.jpg,/objects/thumbs/sns_1983_carried_po_th.jpg
SNS_1983_Carried_PR.pdf,/objects/SNS_1983_Carried_PR.pdf,/objects/small/sns_1983_carried_pr_sm.jpg,/objects/thumbs/sns_1983_carried_pr_th.jpg
SNS_1983_Hello_PR.pdf,/objects/SNS_1983_Hello_PR.pdf,/objects/small/sns_1983_hello_pr_sm.jpg,/objects/thumbs/sns_1983_hello_pr_th.jpg
SNS_1984_Salem_PR.pdf,/objects/SNS_1984_Salem_PR.pdf,/objects/small/sns_1984_salem_pr_sm.jpg,/objects/thumbs/sns_1984_salem_pr_th.jpg
SNS_1985_Line_PR.pdf,/objects/SNS_1985_Line_PR.pdf,/objects/small/sns_1985_line_pr_sm.jpg,/objects/thumbs/sns_1985_line_pr_th.jpg
SNS_1985_Zelda_PR.pdf,/objects/SNS_1985_Zelda_PR.pdf,/objects/small/sns_1985_zelda_pr_sm.jpg,/objects/thumbs/sns_1985_zelda_pr_th.jpg
SNS_1985_Zelda_TX.pdf,/objects/SNS_1985_Zelda_TX.pdf,/objects/small/sns_1985_zelda_tx_sm.jpg,/objects/thumbs/sns_1985_zelda_tx_th.jpg
SNS_1986_Murder_PR.pdf,/objects/SNS_1986_Murder_PR.pdf,/objects/small/sns_1986_murder_pr_sm.jpg,/objects/thumbs/sns_1986_murder_pr_th.jpg
SNS_1987_Plays_PR.pdf,/objects/SNS_1987_Plays_PR.pdf,/objects/small/sns_1987_plays_pr_sm.jpg,/objects/thumbs/sns_1987_plays_pr_th.jpg
SNS_1988_Improv_PO.pdf,/objects/SNS_1988_Improv_PO.pdf,/objects/small/sns_1988_improv_po_sm.jpg,/objects/thumbs/sns_1988_improv_po_th.jpg
SNS_1988_Improv_TX.pdf,/objects/SNS_1988_Improv_TX.pdf,/objects/small/sns_1988_improv_tx_sm.jpg,/objects/thumbs/sns_1988_improv_tx_th.jpg
SNS_1988_Misinformed_PO_0001.pdf,/objects/SNS_1988_Misinformed_PO_0001.pdf,/objects/small/sns_1988_misinformed_po_0001_sm.jpg,/objects/thumbs/sns_1988_misinformed_po_0001_th.jpg
SNS_1988_Misinformed_PO_0002.pdf,/objects/SNS_1988_Misinformed_PO_0002.pdf,/objects/small/sns_1988_misinformed_po_0002_sm.jpg,/objects/thumbs/sns_1988_misinformed_po_0002_th.jpg
SNS_1988_Misinformed_PO_0003.pdf,/objects/SNS_1988_Misinformed_PO_0003.pdf,/objects/small/sns_1988_misinformed_po_0003_sm.jpg,/objects/thumbs/sns_1988_misinformed_po_0003_th.jpg
SNS_1989_Reality_PR.pdf,/objects/SNS_1989_Reality_PR.pdf,/objects/small/sns_1989_reality_pr_sm.jpg,/objects/thumbs/sns_1989_reality_pr_th.jpg
SNS_1989_Shots_NC.pdf,/objects/SNS_1989_Shots_NC.pdf,/objects/small/sns_1989_shots_nc_sm.jpg,/objects/thumbs/sns_1989_shots_nc_th.jpg
SNS_1989_Shots_PO.pdf,/objects/SNS_1989_Shots_PO.pdf,/objects/small/sns_1989_shots_po_sm.jpg,/objects/thumbs/sns_1989_shots_po_th.jpg
SNS_1989_Two_PR.pdf,/objects/SNS_1989_Two_PR.pdf,/objects/small/sns_1989_two_pr_sm.jpg,/objects/thumbs/sns_1989_two_pr_th.jpg
SNS_1990_Dont_PO.pdf,/objects/SNS_1990_Dont_PO.pdf,/objects/small/sns_1990_dont_po_sm.jpg,/objects/thumbs/sns_1990_dont_po_th.jpg
SNS_1990_Dont_PR.pdf,/objects/SNS_1990_Dont_PR.pdf,/objects/small/sns_1990_dont_pr_sm.jpg,/objects/thumbs/sns_1990_dont_pr_th.jpg
SNS_1990_Even_PO_0001.pdf,/objects/SNS_1990_Even_PO_0001.pdf,/objects/small/sns_1990_even_po_0001_sm.jpg,/objects/thumbs/sns_1990_even_po_0001_th.jpg
SNS_1990_Even_PR.pdf,/objects/SNS_1990_Even_PR.pdf,/objects/small/sns_1990_even_pr_sm.jpg,/objects/thumbs/sns_1990_even_pr_th.jpg
SNS_1990_Particle_PR.pdf,/objects/SNS_1990_Particle_PR.pdf,/objects/small/sns_1990_particle_pr_sm.jpg,/objects/thumbs/sns_1990_particle_pr_th.jpg
SNS_1990_Trapped_PO_0001.pdf,/objects/SNS_1990_Trapped_PO_0001.pdf,/objects/small/sns_1990_trapped_po_0001_sm.jpg,/objects/thumbs/sns_1990_trapped_po_0001_th.jpg
SNS_1990_Trapped_PO_0002.pdf,/objects/SNS_1990_Trapped_PO_0002.pdf,/objects/small/sns_1990_trapped_po_0002_sm.jpg,/objects/thumbs/sns_1990_trapped_po_0002_th.jpg
SNS_1990_Trapped_PO_0003.pdf,/objects/SNS_1990_Trapped_PO_0003.pdf,/objects/small/sns_1990_trapped_po_0003_sm.jpg,/objects/thumbs/sns_1990_trapped_po_0003_th.jpg
SNS_1990_Trapped_PO_0004.pdf,/objects/SNS_1990_Trapped_PO_0004.pdf,/objects/small/sns_1990_trapped_po_0004_sm.jpg,/objects/thumbs/sns_1990_trapped_po_0004_th.jpg
SNS_1990_Trapped_PR.pdf,/objects/SNS_1990_Trapped_PR.pdf,/objects/small/sns_1990_trapped_pr_sm.jpg,/objects/thumbs/sns_1990_trapped_pr_th.jpg
SNS_1990_Trapped_TX_0001.pdf,/objects/SNS_1990_Trapped_TX_0001.pdf,/objects/small/sns_1990_trapped_tx_0001_sm.jpg,/objects/thumbs/sns_1990_trapped_tx_0001_th.jpg
SNS_1990_Trapped_TX_0002.pdf,/objects/SNS_1990_Trapped_TX_0002.pdf,/objects/small/sns_1990_trapped_tx_0002_sm.jpg,/objects/thumbs/sns_1990_trapped_tx_0002_th.jpg
SNS_1991_Another_PR.pdf,/objects/SNS_1991_Another_PR.pdf,/objects/small/sns_1991_another_pr_sm.jpg,/objects/thumbs/sns_1991_another_pr_th.jpg
SNS_1991_DArtegan_PO_0001.pdf,/objects/SNS_1991_DArtegan_PO_0001.pdf,/objects/small/sns_1991_dartegan_po_0001_sm.jpg,/objects/thumbs/sns_1991_dartegan_po_0001_th.jpg
SNS_1991_DArtegan_PR.pdf,/objects/SNS_1991_DArtegan_PR.pdf,/objects/small/sns_1991_dartegan_pr_sm.jpg,/objects/thumbs/sns_1991_dartegan_pr_th.jpg
SNS_1991_Richard_PR.pdf,/objects/SNS_1991_Richard_PR.pdf,/objects/small/sns_1991_richard_pr_sm.jpg,/objects/thumbs/sns_1991_richard_pr_th.jpg
SNS_1992_Bindermeyer_PO_0001.pdf,/objects/SNS_1992_Bindermeyer_PO_0001.pdf,/objects/small/sns_1992_bindermeyer_po_0001_sm.jpg,/objects/thumbs/sns_1992_bindermeyer_po_0001_th.jpg
SNS_1992_Bindermeyer_PR.pdf,/objects/SNS_1992_Bindermeyer_PR.pdf,/objects/small/sns_1992_bindermeyer_pr_sm.jpg,/objects/thumbs/sns_1992_bindermeyer_pr_th.jpg
SNS_1992_Jack_PO_0001.pdf,/objects/SNS_1992_Jack_PO_0001.pdf,/objects/small/sns_1992_jack_po_0001_sm.jpg,/objects/thumbs/sns_1992_jack_po_0001_th.jpg
SNS_1992_Jack_PR.pdf,/objects/SNS_1992_Jack_PR.pdf,/objects/small/sns_1992_jack_pr_sm.jpg,/objects/thumbs/sns_1992_jack_pr_th.jpg
SNS_1992_Jack_TX_0001.pdf,/objects/SNS_1992_Jack_TX_0001.pdf,/objects/small/sns_1992_jack_tx_0001_sm.jpg,/objects/thumbs/sns_1992_jack_tx_0001_th.jpg
SNS_1992_Jack_TX_0002.pdf,/objects/SNS_1992_Jack_TX_0002.pdf,/objects/small/sns_1992_jack_tx_0002_sm.jpg,/objects/thumbs/sns_1992_jack_tx_0002_th.jpg
SNS_1992_March_PO_0001.pdf,/objects/SNS_1992_March_PO_0001.pdf,/objects/small/sns_1992_march_po_0001_sm.jpg,/objects/thumbs/sns_1992_march_po_0001_th.jpg
SNS_1992_March_PR.pdf,/objects/SNS_1992_March_PR.pdf,/objects/small/sns_1992_march_pr_sm.jpg,/objects/thumbs/sns_1992_march_pr_th.jpg
SNS_1993_Edwin_HB.pdf,/objects/SNS_1993_Edwin_HB.pdf,/objects/small/sns_1993_edwin_hb_sm.jpg,/objects/thumbs/sns_1993_edwin_hb_th.jpg
SNS_1993_Edwin_PO_0001.pdf,/objects/SNS_1993_Edwin_PO_0001.pdf,/objects/small/sns_1993_edwin_po_0001_sm.jpg,/objects/thumbs/sns_1993_edwin_po_0001_th.jpg
SNS_1993_Edwin_PR.pdf,/objects/SNS_1993_Edwin_PR.pdf,/objects/small/sns_1993_edwin_pr_sm.jpg,/objects/thumbs/sns_1993_edwin_pr_th.jpg
SNS_1993_Edwin_TX_0001.pdf,/objects/SNS_1993_Edwin_TX_0001.pdf,/objects/small/sns_1993_edwin_tx_0001_sm.jpg,/objects/thumbs/sns_1993_edwin_tx_0001_th.jpg
SNS_1993_Edwin_TX_0002.pdf,/objects/SNS_1993_Edwin_TX_0002.pdf,/objects/small/sns_1993_edwin_tx_0002_sm.jpg,/objects/thumbs/sns_1993_edwin_tx_0002_th.jpg
SNS_1993_Gods_PO_0001.pdf,/objects/SNS_1993_Gods_PO_0001.pdf,/objects/small/sns_1993_gods_po_0001_sm.jpg,/objects/thumbs/sns_1993_gods_po_0001_th.jpg
SNS_1993_Gods_PR.pdf,/objects/SNS_1993_Gods_PR.pdf,/objects/small/sns_1993_gods_pr_sm.jpg,/objects/thumbs/sns_1993_gods_pr_th.jpg
SNS_1993_Lysistrata_PO_0001.pdf,/objects/SNS_1993_Lysistrata_PO_0001.pdf,/objects/small/sns_1993_lysistrata_po_0001_sm.jpg,/objects/thumbs/sns_1993_lysistrata_po_0001_th.jpg
SNS_1993_Lysistrata_PR.pdf,/objects/SNS_1993_Lysistrata_PR.pdf,/objects/small/sns_1993_lysistrata_pr_sm.jpg,/objects/thumbs/sns_1993_lysistrata_pr_th.jpg
SNS_1994_Dancing_PO_0001.pdf,/objects/SNS_1994_Dancing_PO_0001.pdf,/objects/small/sns_1994_dancing_po_0001_sm.jpg,/objects/thumbs/sns_1994_dancing_po_0001_th.jpg
SNS_1994_Dancing_PR.pdf,/objects/SNS_1994_Dancing_PR.pdf,/objects/small/sns_1994_dancing_pr_sm.jpg,/objects/thumbs/sns_1994_dancing_pr_th.jpg
SNS_1994_Museum_PR.pdf,/objects/SNS_1994_Museum_PR.pdf,/objects/small/sns_1994_museum_pr_sm.jpg,/objects/thumbs/sns_1994_museum_pr_th.jpg
SNS_1994_Museum_TX.pdf,/objects/SNS_1994_Museum_TX.pdf,/objects/small/sns_1994_museum_tx_sm.jpg,/objects/thumbs/sns_1994_museum_tx_th.jpg
SNS_1994_Nemeses_PO_0001.pdf,/objects/SNS_1994_Nemeses_PO_0001.pdf,/objects/small/sns_1994_nemeses_po_0001_sm.jpg,/objects/thumbs/sns_1994_nemeses_po_0001_th.jpg
SNS_1994_Nemeses_PR.pdf,/objects/SNS_1994_Nemeses_PR.pdf,/objects/small/sns_1994_nemeses_pr_sm.jpg,/objects/thumbs/sns_1994_nemeses_pr_th.jpg
SNS_1994_Nemeses_TX_0001.pdf,/objects/SNS_1994_Nemeses_TX_0001.pdf,/objects/small/sns_1994_nemeses_tx_0001_sm.jpg,/objects/thumbs/sns_1994_nemeses_tx_0001_th.jpg
SNS_1994_Nemeses_TX_0002.pdf,/objects/SNS_1994_Nemeses_TX_0002.pdf,/objects/small/sns_1994_nemeses_tx_0002_sm.jpg,/objects/thumbs/sns_1994_nemeses_tx_0002_th.jpg
SNS_1995_Into_PO.pdf,/objects/SNS_1995_Into_PO.pdf,/objects/small/sns_1995_into_po_sm.jpg,/objects/thumbs/sns_1995_into_po_th.jpg
SNS_1995_Into_PR.pdf,/objects/SNS_1995_Into_PR.pdf,/objects/small/sns_1995_into_pr_sm.jpg,/objects/thumbs/sns_1995_into_pr_th.jpg
SNS_1995_Into_TX.pdf,/objects/SNS_1995_Into_TX.pdf,/objects/small/sns_1995_into_tx_sm.jpg,/objects/thumbs/sns_1995_into_tx_th.jpg
SNS_1995_Lucky_PO_0001.pdf,/objects/SNS_1995_Lucky_PO_0001.pdf,/objects/small/sns_1995_lucky_po_0001_sm.jpg,/objects/thumbs/sns_1995_lucky_po_0001_th.jpg
SNS_1995_Lucky_PR.pdf,/objects/SNS_1995_Lucky_PR.pdf,/objects/small/sns_1995_lucky_pr_sm.jpg,/objects/thumbs/sns_1995_lucky_pr_th.jpg
SNS_1995_Sun_PO_0001.pdf,/objects/SNS_1995_Sun_PO_0001.pdf,/objects/small/sns_1995_sun_po_0001_sm.jpg,/objects/thumbs/sns_1995_sun_po_0001_th.jpg
SNS_1995_Sun_PR.pdf,/objects/SNS_1995_Sun_PR.pdf,/objects/small/sns_1995_sun_pr_sm.jpg,/objects/thumbs/sns_1995_sun_pr_th.jpg
SNS_1996_Chess_PR.pdf,/objects/SNS_1996_Chess_PR.pdf,/objects/small/sns_1996_chess_pr_sm.jpg,/objects/thumbs/sns_1996_chess_pr_th.jpg
SNS_1996_Chess_TX.pdf,/objects/SNS_1996_Chess_TX.pdf,/objects/small/sns_1996_chess_tx_sm.jpg,/objects/thumbs/sns_1996_chess_tx_th.jpg
SNS_1996_Living_PR.pdf,/objects/SNS_1996_Living_PR.pdf,/objects/small/sns_1996_living_pr_sm.jpg,/objects/thumbs/sns_1996_living_pr_th.jpg
SNS_1996_Living_TX.pdf,/objects/SNS_1996_Living_TX.pdf,/objects/small/sns_1996_living_tx_sm.jpg,/objects/thumbs/sns_1996_living_tx_th.jpg
SNS_1997_Godspell_PR.pdf,/objects/SNS_1997_Godspell_PR.pdf,/objects/small/sns_1997_godspell_pr_sm.jpg,/objects/thumbs/sns_1997_godspell_pr_th.jpg
SNS_1997_Godspell_TX.pdf,/objects/SNS_1997_Godspell_TX.pdf,/objects/small/sns_1997_godspell_tx_sm.jpg,/objects/thumbs/sns_1997_godspell_tx_th.jpg
SNS_1997_Homecoming_PO.pdf,/objects/SNS_1997_Homecoming_PO.pdf,/objects/small/sns_1997_homecoming_po_sm.jpg,/objects/thumbs/sns_1997_homecoming_po_th.jpg
SNS_1997_Homecoming_PR.pdf,/objects/SNS_1997_Homecoming_PR.pdf,/objects/small/sns_1997_homecoming_pr_sm.jpg,/objects/thumbs/sns_1997_homecoming_pr_th.jpg
SNS_1997_Last_PR.pdf,/objects/SNS_1997_Last_PR.pdf,/objects/small/sns_1997_last_pr_sm.jpg,/objects/thumbs/sns_1997_last_pr_th.jpg
SNS_1997_Nature_PO.pdf,/objects/SNS_1997_Nature_PO.pdf,/objects/small/sns_1997_nature_po_sm.jpg,/objects/thumbs/sns_1997_nature_po_th.jpg
SNS_1997_Nature_PR.pdf,/objects/SNS_1997_Nature_PR.pdf,/objects/small/sns_1997_nature_pr_sm.jpg,/objects/thumbs/sns_1997_nature_pr_th.jpg
SNS_1997_Sometimes_PR.pdf,/objects/SNS_1997_Sometimes_PR.pdf,/objects/small/sns_1997_sometimes_pr_sm.jpg,/objects/thumbs/sns_1997_sometimes_pr_th.jpg
SNS_1997_Sometimes_TX.pdf,/objects/SNS_1997_Sometimes_TX.pdf,/objects/small/sns_1997_sometimes_tx_sm.jpg,/objects/thumbs/sns_1997_sometimes_tx_th.jpg
SNS_1997_Ugly_PO.pdf,/objects/SNS_1997_Ugly_PO.pdf,/objects/small/sns_1997_ugly_po_sm.jpg,/objects/thumbs/sns_1997_ugly_po_th.jpg
SNS_1997_Ugly_PR.pdf,/objects/SNS_1997_Ugly_PR.pdf,/objects/small/sns_1997_ugly_pr_sm.jpg,/objects/thumbs/sns_1997_ugly_pr_th.jpg
SNS_1998_Arcadia_PO.pdf,/objects/SNS_1998_Arcadia_PO.pdf,/objects/small/sns_1998_arcadia_po_sm.jpg,/objects/thumbs/sns_1998_arcadia_po_th.jpg
SNS_1998_Arcadia_PR.pdf,/objects/SNS_1998_Arcadia_PR.pdf,/objects/small/sns_1998_arcadia_pr_sm.jpg,/objects/thumbs/sns_1998_arcadia_pr_th.jpg
SNS_1998_Assassins_LP.pdf,/objects/SNS_1998_Assassins_LP.pdf,/objects/small/sns_1998_assassins_lp_sm.jpg,/objects/thumbs/sns_1998_assassins_lp_th.jpg
SNS_1998_Assassins_PR.pdf,/objects/SNS_1998_Assassins_PR.pdf,/objects/small/sns_1998_assassins_pr_sm.jpg,/objects/thumbs/sns_1998_assassins_pr_th.jpg
SNS_1998_Assassins_TX.pdf,/objects/SNS_1998_Assassins_TX.pdf,/objects/small/sns_1998_assassins_tx_sm.jpg,/objects/thumbs/sns_1998_assassins_tx_th.jpg
SNS_1998_Improv_PO.pdf,/objects/SNS_1998_Improv_PO.pdf,/objects/small/sns_1998_improv_po_sm.jpg,/objects/thumbs/sns_1998_improv_po_th.jpg
SNS_1998_Improv_PR.pdf,/objects/SNS_1998_Improv_PR.pdf,/objects/small/sns_1998_improv_pr_sm.jpg,/objects/thumbs/sns_1998_improv_pr_th.jpg
SNS_1998_Much_PR.pdf,/objects/SNS_1998_Much_PR.pdf,/objects/small/sns_1998_much_pr_sm.jpg,/objects/thumbs/sns_1998_much_pr_th.jpg
SNS_1998_Radio_PO_0001.pdf,/objects/SNS_1998_Radio_PO_0001.pdf,/objects/small/sns_1998_radio_po_0001_sm.jpg,/objects/thumbs/sns_1998_radio_po_0001_th.jpg
SNS_1998_Radio_PO_0002.pdf,/objects/SNS_1998_Radio_PO_0002.pdf,/objects/small/sns_1998_radio_po_0002_sm.jpg,/objects/thumbs/sns_1998_radio_po_0002_th.jpg
SNS_1998_Radio_PO_0003.pdf,/objects/SNS_1998_Radio_PO_0003.pdf,/objects/small/sns_1998_radio_po_0003_sm.jpg,/objects/thumbs/sns_1998_radio_po_0003_th.jpg
SNS_1998_Radio_PO_0004.pdf,/objects/SNS_1998_Radio_PO_0004.pdf,/objects/small/sns_1998_radio_po_0004_sm.jpg,/objects/thumbs/sns_1998_radio_po_0004_th.jpg
SNS_1998_Radio_PO_0005.pdf,/objects/SNS_1998_Radio_PO_0005.pdf,/objects/small/sns_1998_radio_po_0005_sm.jpg,/objects/thumbs/sns_1998_radio_po_0005_th.jpg
SNS_1998_Radio_PR.pdf,/objects/SNS_1998_Radio_PR.pdf,/objects/small/sns_1998_radio_pr_sm.jpg,/objects/thumbs/sns_1998_radio_pr_th.jpg
SnS_1960_Rocks_PR.pdf,/objects/SnS_1960_Rocks_PR.pdf,/objects/small/sns_1960_rocks_pr_sm.jpg,/objects/thumbs/sns_1960_rocks_pr_th.jpg
demo_001.jpg,/objects/demo_001.jpg,/objects/small/demo_001_sm.jpg,/objects/thumbs/demo_001_th.jpg
demo_003.mp3,/objects/demo_003.mp3,,
demo_004.jpg,/objects/demo_004.jpg,/objects/small/demo_004_sm.jpg,/objects/thumbs/demo_004_th.jpg
demo_005.txt,/objects/demo_005.txt,,
demo_012.md,/objects/demo_012.md,,
hells_half_theta.jpg,/objects/hells_half_theta.jpg,/objects/small/hells_half_theta_sm.jpg,/objects/thumbs/hells_half_theta_th.jpg
hughes_article.png,/objects/hughes_article.png,/objects/small/hughes_article_sm.jpg,/objects/thumbs/hughes_article_th.jpg
sns_1982_queen_pr_0002.pdf,/objects/sns_1982_queen_pr_0002.pdf,/objects/small/sns_1982_queen_pr_0002_sm.jpg,/objects/thumbs/sns_1982_queen_pr_0002_th.jpg
sns_1988_misinformed_pr_0001.pdf,/objects/sns_1988_misinformed_pr_0001.pdf,/objects/small/sns_1988_misinformed_pr_0001_sm.jpg,/objects/thumbs/sns_1988_misinformed_pr_0001_th.jpg
sns_1988_misinformed_pr_0002.pdf,/objects/sns_1988_misinformed_pr_0002.pdf,/objects/small/sns_1988_misinformed_pr_0002_sm.jpg,/objects/thumbs/sns_1988_misinformed_pr_0002_th.jpg
sns_1988_misinformed_pr_0003.pdf,/objects/sns_1988_misinformed_pr_0003.pdf,/objects/small/sns_1988_misinformed_pr_0003_sm.jpg,/objects/thumbs/sns_1988_misinformed_pr_0003_th.jpg
sns_1991_dartegan_tx.pdf,/objects/sns_1991_dartegan_tx.pdf,/objects/small/sns_1991_dartegan_tx_sm.jpg,/objects/thumbs/sns_1991_dartegan_tx_th.jpg
